role,textblob_polarity,textblob_polarity,textblob_subjectivity,textblob_subjectivity,avg_word_length,avg_word_length,unique_words_ratio,unique_words_ratio,question_ratio,question_ratio
,mean,std,mean,std,mean,std,mean,std,mean,std
patient,0.11761053706412529,0.2766788827152454,0.4538529032380459,0.262989997977649,4.7170329053542215,0.6881485051192279,0.9400821406795693,0.06485882817390012,0.0015209970106756325,0.005166362160972482
provider,0.2414009944936152,0.25283566818692593,0.5237301641237326,0.19725532818932057,4.772594139962651,0.47208258211199244,0.8970474492474928,0.0579001245705376,0.005501990230773919,0.003781916366448046
