role,message_length,message_length,message_length,message_length,word_count,word_count,word_count,word_count,sentence_count,sentence_count,sentence_count,sentence_count,sentiment_compound,sentiment_compound,sentiment_compound,sentiment_compound,lexical_diversity,lexical_diversity,lexical_diversity,lexical_diversity,flesch_reading_ease,flesch_reading_ease,flesch_kincaid_grade,flesch_kincaid_grade
,mean,std,min,max,mean,std,min,max,mean,std,min,max,mean,std,min,max,mean,std,min,max,mean,std,mean,std
patient,157.56174264281591,147.35119995787548,7,1780,34.14368147720715,25.406379348106668,2,319,2.5989613387189845,1.7358420291086456,1,32,0.29097512983266016,0.47811883174451725,-0.959,0.9947,0.8798433542074403,0.08493481488811959,0.37012987012987014,1.0,77.89292844777842,21.110634702444308,5.236785920369302,3.739149759253039
provider,282.14312541918173,142.58709052875196,9,1892,59.70167672702884,28.468300403366356,3,349,4.67981220657277,1.9610751904199004,1,25,0.5385050301810865,0.459216407002265,-0.9784,0.9947,0.8297567560527748,0.07626279015661486,0.4329501915708812,1.0,73.0609014084507,14.387123488112978,5.892273641851107,2.48198594290747
